component,estimated_waiting_mean,published_waiting_mean,abs_error
1,54.479860177736114,54.6,0.1201398222638872
2,79.96953297889246,80.1,0.13046702110753472
