method,mean,std
Parzen,-4.467320491654231,0.08980131402671028
k-NN,-5.000296580694704,0.2604405723625366
GMM,-4.203027933109218,0.17337561733716741
PNN,-4.461806865436863,0.08856421278660018
