method,ise_mean,ise_std,test_loglik_mean,test_loglik_std
Parzen,0.003295061754272356,0.00028450645086221076,-3.5394238966653893,0.012789200184411393
k-NN,0.0029507303915297096,0.00028855386837261626,-3.576089968315631,0.0146018649531214
GMM,0.00056621818917891,0.0001985508800545428,-3.4646085491794487,0.018170123285210466
PNN,0.0032410376538658013,0.0002818790052106367,-3.546755652028434,0.014238266112898289
